phase,variant,depth,run,prover_ms,verifier_ms,proof_bytes,rss_before_bytes,rss_after_bytes,rss_delta_bytes,trace_length,trace_width,trace_cells,constraint_count,max_constraint_degree,security_bits,valid
variants,COMMIT,13,1,48.431700000000035,17.79589999999996,43474,70664192,75026432,4362240,64,6,384,6,6,100,true
variants,COMMIT,13,2,48.379299999999944,17.811500000000024,43474,70721536,75161600,4440064,64,6,384,6,6,100,true
variants,COMMIT,13,3,53.98700000000002,19.704799999999977,43474,70692864,74829824,4136960,64,6,384,6,6,100,true
variants,COMMIT,13,4,49.07910000000004,18.163799999999924,43474,70389760,74960896,4571136,64,6,384,6,6,100,true
variants,COMMIT,13,5,55.2946,20.615699999999947,43474,70623232,75079680,4456448,64,6,384,6,6,100,true
variants,COMMIT,13,6,47.634900000000016,18.680900000000065,43474,70828032,74891264,4063232,64,6,384,6,6,100,true
variants,COMMIT,13,7,51.137099999999975,19.77080000000001,43474,70901760,75386880,4485120,64,6,384,6,6,100,true
variants,COMMIT,13,8,50.68289999999996,18.950199999999995,43474,70643712,74608640,3964928,64,6,384,6,6,100,true
variants,COMMIT,13,9,49.87790000000001,19.049600000000055,43474,70856704,75063296,4206592,64,6,384,6,6,100,true
variants,COMMIT,13,10,50.44209999999998,18.52890000000002,43474,70750208,74977280,4227072,64,6,384,6,6,100,true
variants,COMMIT,13,11,49.711200000000076,18.742999999999938,43474,70967296,75350016,4382720,64,6,384,6,6,100,true
variants,COMMIT,13,12,48.25189999999998,18.457700000000045,43474,70512640,75124736,4612096,64,6,384,6,6,100,true
variants,COMMIT,13,13,50.766700000000014,18.63779999999997,43474,70758400,75100160,4341760,64,6,384,6,6,100,true
variants,COMMIT,13,14,48.56029999999993,18.07680000000005,43474,70656000,75235328,4579328,64,6,384,6,6,100,true
variants,COMMIT,13,15,52.8759,19.854400000000055,43474,70922240,75304960,4382720,64,6,384,6,6,100,true
variants,COMMIT,13,16,48.76550000000003,17.690699999999993,43474,70922240,75124736,4202496,64,6,384,6,6,100,true
variants,COMMIT,13,17,52.69149999999996,19.132299999999987,43474,70414336,74952704,4538368,64,6,384,6,6,100,true
variants,COMMIT,13,18,49.43770000000006,19.044200000000046,43474,70627328,75255808,4628480,64,6,384,6,6,100,true
variants,COMMIT,13,19,52.45800000000003,18.589000000000055,43474,70287360,74964992,4677632,64,6,384,6,6,100,true
variants,COMMIT,13,20,47.82219999999995,19.275199999999927,43474,70483968,74977280,4493312,64,6,384,6,6,100,true
variants,COMMIT,13,21,53.20089999999999,19.45729999999992,43474,70995968,75206656,4210688,64,6,384,6,6,100,true
variants,COMMIT,13,22,48.99369999999999,18.246399999999994,43474,70701056,75161600,4460544,64,6,384,6,6,100,true
variants,COMMIT,13,23,52.81389999999999,19.550700000000006,43474,70901760,75108352,4206592,64,6,384,6,6,100,true
variants,COMMIT,13,24,48.8809,18.255899999999997,43474,70574080,74764288,4190208,64,6,384,6,6,100,true
variants,COMMIT,13,25,53.91709999999995,19.34789999999998,43474,70631424,75206656,4575232,64,6,384,6,6,100,true
variants,COMMIT,13,26,48.58559999999994,18.092700000000036,43474,70291456,74838016,4546560,64,6,384,6,6,100,true
variants,COMMIT,13,27,51.03619999999995,18.97460000000001,43474,70955008,75706368,4751360,64,6,384,6,6,100,true
variants,COMMIT,13,28,50.869699999999966,18.42590000000007,43474,70619136,74993664,4374528,64,6,384,6,6,100,true
variants,COMMIT,13,29,51.66519999999997,19.459100000000035,43474,70930432,75231232,4300800,64,6,384,6,6,100,true
variants,COMMIT,13,30,48.90239999999994,19.412799999999947,43474,70512640,74981376,4468736,64,6,384,6,6,100,true
variants,CP,13,1,103.35170000000005,25.989000000000033,78655,78209024,87986176,9777152,64,11,704,11,6,100,true
variants,CP,13,2,107.10630000000003,29.40440000000001,78655,77918208,88182784,10264576,64,11,704,11,6,100,true
variants,CP,13,3,102.65930000000003,26.977300000000014,78655,77762560,87994368,10231808,64,11,704,11,6,100,true
variants,CP,13,4,101.98130000000003,25.920600000000036,78655,77635584,87584768,9949184,64,11,704,11,6,100,true
variants,CP,13,5,101.19910000000004,26.390100000000075,78655,77672448,87916544,10244096,64,11,704,11,6,100,true
variants,CP,13,6,103.47750000000008,29.93259999999998,78655,77877248,87883776,10006528,64,11,704,11,6,100,true
variants,CP,13,7,103.05079999999998,26.55630000000008,78655,77414400,87683072,10268672,64,11,704,11,6,100,true
variants,CP,13,8,107.20909999999992,27.06140000000005,78655,77901824,87998464,10096640,64,11,704,11,6,100,true
variants,CP,13,9,100.91449999999998,26.731499999999983,78655,77570048,87797760,10227712,64,11,704,11,6,100,true
variants,CP,13,10,103.84249999999997,27.117700000000013,78655,77668352,87597056,9928704,64,11,704,11,6,100,true
variants,CP,13,11,102.9941,30.640899999999988,78655,77889536,87801856,9912320,64,11,704,11,6,100,true
variants,CP,13,12,102.50900000000001,28.001999999999953,78655,77242368,87584768,10342400,64,11,704,11,6,100,true
variants,CP,13,13,101.41959999999995,26.720699999999965,78655,78376960,88440832,10063872,64,11,704,11,6,100,true
variants,CP,13,14,104.33179999999993,26.06650000000002,78655,77672448,87863296,10190848,64,11,704,11,6,100,true
variants,CP,13,15,102.29650000000004,26.319499999999948,78655,78139392,88010752,9871360,64,11,704,11,6,100,true
variants,CP,13,16,103.13839999999993,26.521000000000072,78655,77709312,87875584,10166272,64,11,704,11,6,100,true
variants,CP,13,17,103.856,26.499499999999898,78655,77328384,87818240,10489856,64,11,704,11,6,100,true
variants,CP,13,18,105.1380999999999,25.6087,78655,77287424,87740416,10452992,64,11,704,11,6,100,true
variants,CP,13,19,107.45579999999995,28.092399999999998,78655,78536704,88485888,9949184,64,11,704,11,6,100,true
variants,CP,13,20,103.53229999999996,29.298700000000053,78655,78123008,88039424,9916416,64,11,704,11,6,100,true
variants,CP,13,21,103.97839999999997,28.376300000000015,78655,77307904,87777280,10469376,64,11,704,11,6,100,true
variants,CP,13,22,99.976,28.522300000000087,78655,78000128,87814144,9814016,64,11,704,11,6,100,true
variants,CP,13,23,123.04590000000007,28.38289999999995,78655,78028800,87937024,9908224,64,11,704,11,6,100,true
variants,CP,13,24,101.12670000000003,28.688300000000027,78655,77492224,87543808,10051584,64,11,704,11,6,100,true
variants,CP,13,25,102.45900000000006,27.482999999999947,78655,78123008,87965696,9842688,64,11,704,11,6,100,true
variants,CP,13,26,109.89480000000003,27.9443,78655,78209024,88088576,9879552,64,11,704,11,6,100,true
variants,CP,13,27,102.86160000000007,27.21429999999998,78655,77455360,87728128,10272768,64,11,704,11,6,100,true
variants,CP,13,28,100.08100000000002,25.74210000000005,78655,77930496,87859200,9928704,64,11,704,11,6,100,true
variants,CP,13,29,111.53789999999992,26.29189999999994,78655,77352960,87707648,10354688,64,11,704,11,6,100,true
variants,CP,13,30,110.94740000000002,30.813499999999976,78655,77447168,87715840,10268672,64,11,704,11,6,100,true
variants,MCM,13,1,2001.5626999999995,45.97260000000006,117609,266317824,460455936,194138112,1024,11,11264,11,7,96,true
variants,MCM,13,2,1917.9185000000002,46.40990000000056,117609,265318400,460505088,195186688,1024,11,11264,11,7,96,true
variants,MCM,13,3,1966.4336999999996,46.49039999999968,117609,266833920,461004800,194170880,1024,11,11264,11,7,96,true
variants,MCM,13,4,1960.1803,43.46209999999974,117609,265433088,460541952,195108864,1024,11,11264,11,7,96,true
variants,MCM,13,5,1995.0446000000002,44.54860000000008,117609,265289728,460505088,195215360,1024,11,11264,11,7,96,true
variants,MCM,13,6,1981.1605999999997,58.29060000000027,117609,265191424,460972032,195780608,1024,11,11264,11,7,96,true
variants,MCM,13,7,1961.9471000000003,45.99229999999989,117609,264843264,460439552,195596288,1024,11,11264,11,7,96,true
variants,MCM,13,8,1947.5726,44.390699999999924,117609,266313728,460791808,194478080,1024,11,11264,11,7,96,true
variants,MCM,13,9,1991.0293000000001,43.98530000000028,117609,265330688,460738560,195407872,1024,11,11264,11,7,96,true
variants,MCM,13,10,1951.8880000000004,44.267800000000534,117609,266178560,460529664,194351104,1024,11,11264,11,7,96,true
variants,MCM,13,11,2003.5216,43.79789999999957,117609,265216000,460689408,195473408,1024,11,11264,11,7,96,true
variants,MCM,13,12,2019.0902,49.27219999999943,117609,265826304,460443648,194617344,1024,11,11264,11,7,96,true
variants,MCM,13,13,2097.1378999999997,56.638200000000325,117609,265486336,460558336,195072000,1024,11,11264,11,7,96,true
variants,MCM,13,14,2016.663,60.85460000000057,117609,265216000,460402688,195186688,1024,11,11264,11,7,96,true
variants,MCM,13,15,1949.7727000000004,46.62249999999949,117609,266227712,460300288,194072576,1024,11,11264,11,7,96,true
variants,MCM,13,16,1959.5688,49.302200000000084,117609,266543104,460562432,194019328,1024,11,11264,11,7,96,true
variants,MCM,13,17,2009.1516000000001,45.91700000000037,117609,265129984,460247040,195117056,1024,11,11264,11,7,96,true
variants,MCM,13,18,1983.9213,43.374800000000505,117609,266227712,460386304,194158592,1024,11,11264,11,7,96,true
variants,MCM,13,19,2133.3047999999994,43.54269999999997,117609,265109504,460312576,195203072,1024,11,11264,11,7,96,true
variants,MCM,13,20,2130.4458,43.44300000000021,117609,266158080,460435456,194277376,1024,11,11264,11,7,96,true
variants,MCM,13,21,2087.7562000000003,51.317699999999604,117609,266235904,460800000,194564096,1024,11,11264,11,7,96,true
variants,MCM,13,22,2002.9122000000002,54.69890000000032,117609,264523776,460664832,196141056,1024,11,11264,11,7,96,true
variants,MCM,13,23,2010.8509,46.44560000000001,117609,266260480,460742656,194482176,1024,11,11264,11,7,96,true
variants,MCM,13,24,2030.397,47.7509,117609,266444800,460476416,194031616,1024,11,11264,11,7,96,true
variants,MCM,13,25,1964.6934,49.17459999999937,117609,265342976,460402688,195059712,1024,11,11264,11,7,96,true
variants,MCM,13,26,2022.6736999999998,45.9982,117609,264413184,460378112,195964928,1024,11,11264,11,7,96,true
variants,MCM,13,27,2066.4054,44.78980000000047,117609,265228288,460558336,195330048,1024,11,11264,11,7,96,true
variants,MCM,13,28,2047.8616999999995,48.54779999999937,117609,265445376,460259328,194813952,1024,11,11264,11,7,96,true
variants,MCM,13,29,2095.5576,45.465400000000045,117609,265224192,460738560,195514368,1024,11,11264,11,7,96,true
variants,MCM,13,30,2139.9862000000003,49.688500000000204,117609,265216000,460414976,195198976,1024,11,11264,11,7,96,true
variants,IBRR,13,1,2635.8079000000002,63.33019999999942,126223,327266304,571490304,244224000,1024,17,17408,17,7,96,true
variants,IBRR,13,2,2723.0129,66.39570000000003,126223,326934528,571654144,244719616,1024,17,17408,17,7,96,true
variants,IBRR,13,3,2513.2646,53.13850000000002,126223,326885376,571351040,244465664,1024,17,17408,17,7,96,true
variants,IBRR,13,4,2589.0966,54.342099999999846,126223,326864896,570662912,243798016,1024,17,17408,17,7,96,true
variants,IBRR,13,5,2540.6454,63.34069999999974,126223,326053888,570421248,244367360,1024,17,17408,17,7,96,true
variants,IBRR,13,6,2564.6728,55.016200000000026,126223,326574080,571834368,245260288,1024,17,17408,17,7,96,true
variants,IBRR,13,7,2589.3358,57.72359999999935,126223,326197248,571924480,245727232,1024,17,17408,17,7,96,true
variants,IBRR,13,8,2602.3898,68.3676000000005,126223,327340032,571305984,243965952,1024,17,17408,17,7,96,true
variants,IBRR,13,9,2538.8487999999998,58.3784999999998,126223,327925760,572063744,244137984,1024,17,17408,17,7,96,true
variants,IBRR,13,10,2856.8322000000003,75.90609999999924,126223,325922816,570089472,244166656,1024,17,17408,17,7,96,true
variants,IBRR,13,11,2576.1236,61.11779999999999,126223,326594560,571424768,244830208,1024,17,17408,17,7,96,true
variants,IBRR,13,12,2585.7074999999995,60.59599999999955,126223,327024640,570904576,243879936,1024,17,17408,17,7,96,true
variants,IBRR,13,13,2548.3362,65.3777,126223,325935104,571088896,245153792,1024,17,17408,17,7,96,true
variants,IBRR,13,14,2586.0788,60.34979999999996,126223,327278592,571146240,243867648,1024,17,17408,17,7,96,true
variants,IBRR,13,15,2559.6231,60.21209999999974,126223,328491008,570662912,242171904,1024,17,17408,17,7,96,true
variants,IBRR,13,16,2592.5209000000004,66.4944000000005,126223,327041024,571703296,244662272,1024,17,17408,17,7,96,true
variants,IBRR,13,17,2567.3963,60.52630000000045,126223,325410816,571396096,245985280,1024,17,17408,17,7,96,true
variants,IBRR,13,18,2669.6053000000006,61.093699999999444,126223,326094848,571056128,244961280,1024,17,17408,17,7,96,true
variants,IBRR,13,19,3018.608,72.24499999999989,126223,326721536,572162048,245440512,1024,17,17408,17,7,96,true
variants,IBRR,13,20,2643.94,67.34200000000055,126223,327147520,571604992,244457472,1024,17,17408,17,7,96,true
variants,IBRR,13,21,2640.5632000000005,65.78189999999995,126223,325967872,571453440,245485568,1024,17,17408,17,7,96,true
variants,IBRR,13,22,2674.8275999999996,58.9367000000002,126223,326369280,572481536,246112256,1024,17,17408,17,7,96,true
variants,IBRR,13,23,2543.9269000000004,62.724599999999555,126223,325337088,569786368,244449280,1024,17,17408,17,7,96,true
variants,IBRR,13,24,2612.8570999999997,66.00870000000032,126223,326455296,571080704,244625408,1024,17,17408,17,7,96,true
variants,IBRR,13,25,2635.7365999999997,63.69670000000042,126223,326049792,570535936,244486144,1024,17,17408,17,7,96,true
variants,IBRR,13,26,2680.2709000000004,60.159200000000055,126223,327139328,570519552,243380224,1024,17,17408,17,7,96,true
variants,IBRR,13,27,2691.0278,52.71380000000045,126223,327507968,571244544,243736576,1024,17,17408,17,7,96,true
variants,IBRR,13,28,2637.4963,59.1275999999998,126223,327086080,570810368,243724288,1024,17,17408,17,7,96,true
variants,IBRR,13,29,2810.8246000000004,55.12249999999949,126223,326201344,570781696,244580352,1024,17,17408,17,7,96,true
variants,IBRR,13,30,2598.5009,56.03099999999995,126223,327331840,571625472,244293632,1024,17,17408,17,7,96,true
variants,RA,13,1,3725.7919,79.89770000000044,139577,385413120,686014464,300601344,1024,23,23552,23,7,96,true
variants,RA,13,2,3513.6673,74.14650000000074,139577,384409600,686149632,301740032,1024,23,23552,23,7,96,true
variants,RA,13,3,3476.0401,81.30090000000018,139577,384524288,663654400,279130112,1024,23,23552,23,7,96,true
variants,RA,13,4,3450.1445000000003,69.63900000000012,139577,384503808,684752896,300249088,1024,23,23552,23,7,96,true
variants,RA,13,5,3401.698,57.677999999999884,139577,383791104,684793856,301002752,1024,23,23552,23,7,96,true
variants,RA,13,6,3534.5621,63.70899999999983,139577,384835584,685076480,300240896,1024,23,23552,23,7,96,true
variants,RA,13,7,3430.6265,60.970400000000154,139577,384516096,685555712,301039616,1024,23,23552,23,7,96,true
variants,RA,13,8,3797.6318999999994,66.6252000000004,139577,384978944,685690880,300711936,1024,23,23552,23,7,96,true
variants,RA,13,9,3451.4198000000006,71.7509999999993,139577,384004096,685494272,301490176,1024,23,23552,23,7,96,true
variants,RA,13,10,3380.639,64.96550000000025,139577,384700416,685932544,301232128,1024,23,23552,23,7,96,true
variants,RA,13,11,3448.0991000000004,66.98700000000008,139577,384884736,683171840,298287104,1024,23,23552,23,7,96,true
variants,RA,13,12,3536.8122999999996,73.04590000000007,139577,384593920,686161920,301568000,1024,23,23552,23,7,96,true
variants,RA,13,13,3930.0161,91.4380000000001,139577,383553536,685207552,301654016,1024,23,23552,23,7,96,true
variants,RA,13,14,3476.3145999999997,67.94859999999971,139577,385531904,685387776,299855872,1024,23,23552,23,7,96,true
variants,RA,13,15,3473.1974,66.22770000000037,139577,384811008,686211072,301400064,1024,23,23552,23,7,96,true
variants,RA,13,16,3403.6061999999997,67.57920000000013,139577,383397888,685326336,301928448,1024,23,23552,23,7,96,true
variants,RA,13,17,3569.7779,67.22360000000026,139577,384057344,685699072,301641728,1024,23,23552,23,7,96,true
variants,RA,13,18,3414.7490000000003,64.41520000000037,139577,384876544,683728896,298852352,1024,23,23552,23,7,96,true
variants,RA,13,19,3691.1906,73.81750000000011,139577,386088960,686030848,299941888,1024,23,23552,23,7,96,true
variants,RA,13,20,3463.3153,74.51999999999953,139577,384176128,686080000,301903872,1024,23,23552,23,7,96,true
variants,RA,13,21,3652.0919999999996,70.3078000000005,139577,385097728,682397696,297299968,1024,23,23552,23,7,96,true
variants,RA,13,22,3477.5418,62.23350000000028,139577,385818624,672571392,286752768,1024,23,23552,23,7,96,true
variants,RA,13,23,3479.1453999999994,68.07699999999932,139577,385310720,667189248,281878528,1024,23,23552,23,7,96,true
variants,RA,13,24,3615.3913999999995,77.09030000000075,139577,384839680,685432832,300593152,1024,23,23552,23,7,96,true
variants,RA,13,25,3597.8073999999997,73.52160000000003,139577,384978944,683466752,298487808,1024,23,23552,23,7,96,true
variants,RA,13,26,3624.3276000000005,63.591199999999844,139577,384778240,683573248,298795008,1024,23,23552,23,7,96,true
variants,RA,13,27,3498.6108999999997,69.16169999999966,139577,383926272,662200320,278274048,1024,23,23552,23,7,96,true
variants,RA,13,28,3717.6714,76.52999999999975,139577,385327104,686288896,300961792,1024,23,23552,23,7,96,true
variants,RA,13,29,3543.5579,64.72050000000036,139577,384368640,686469120,302100480,1024,23,23552,23,7,96,true
variants,RA,13,30,3980.1204000000007,82.02160000000003,139577,384499712,685416448,300916736,1024,23,23552,23,7,96,true
scaling,MCM,4,1,1654.0513999999998,74.68319999999949,109663,165797888,255643648,89845760,512,11,5632,11,7,96,true
scaling,MCM,4,2,1950.1995,82.7228,109663,165769216,255954944,90185728,512,11,5632,11,7,96,true
scaling,MCM,4,3,1455.9872,97.55270000000019,109663,165531648,255836160,90304512,512,11,5632,11,7,96,true
scaling,IBRR,4,1,2130.9449999999997,84.88580000000002,117576,188198912,319971328,131772416,512,17,8704,17,7,96,true
scaling,IBRR,4,2,1838.4591000000005,85.16049999999996,117576,188518400,320135168,131616768,512,17,8704,17,7,96,true
scaling,IBRR,4,3,2261.2750000000005,99.42479999999978,117576,188456960,320565248,132108288,512,17,8704,17,7,96,true
scaling,RA,4,1,2799.0567,101.55769999999939,129290,234065920,374341632,140275712,512,23,11776,23,7,96,true
scaling,RA,4,2,2724.0440000000003,104.33770000000004,129290,234176512,373952512,139776000,512,23,11776,23,7,96,true
scaling,RA,4,3,2940.5065,102.7501000000002,129290,234270720,373989376,139718656,512,23,11776,23,7,96,true
scaling,MCM,8,1,3466.1624999999995,74.89220000000023,118152,265351168,460263424,194912256,1024,11,11264,11,7,96,true
scaling,MCM,8,2,2674.7181,55.38060000000041,118152,266448896,460677120,194228224,1024,11,11264,11,7,96,true
scaling,MCM,8,3,2238.3612,53.56540000000041,118152,265015296,460476416,195461120,1024,11,11264,11,7,96,true
scaling,IBRR,8,1,2681.3854,58.709100000000035,126349,325533696,569745408,244211712,1024,17,17408,17,7,96,true
scaling,IBRR,8,2,2721.7701,61.61580000000049,126349,327045120,570580992,243535872,1024,17,17408,17,7,96,true
scaling,IBRR,8,3,2699.2567,65.1223,126349,326062080,569597952,243535872,1024,17,17408,17,7,96,true
scaling,RA,8,1,3608.5203,76.76320000000032,138390,383770624,683483136,299712512,1024,23,23552,23,7,96,true
scaling,RA,8,2,3531.2072,62.830700000000434,138390,385077248,683921408,298844160,1024,23,23552,23,7,96,true
scaling,RA,8,3,3717.2896999999994,67.93149999999878,138390,384831488,683765760,298934272,1024,23,23552,23,7,96,true
scaling,MCM,10,1,2203.8466000000003,60.91110000000026,118602,265912320,460910592,194998272,1024,11,11264,11,7,96,true
scaling,MCM,10,2,2180.0203999999994,43.59699999999975,118602,265494528,460509184,195014656,1024,11,11264,11,7,96,true
scaling,MCM,10,3,2077.5024999999996,52.27550000000065,118602,266125312,460238848,194113536,1024,11,11264,11,7,96,true
scaling,IBRR,10,1,2645.0957,60.43220000000019,126673,326299648,570482688,244183040,1024,17,17408,17,7,96,true
scaling,IBRR,10,2,3327.9781000000003,76.97419999999966,126673,326668288,570552320,243884032,1024,17,17408,17,7,96,true
scaling,IBRR,10,3,3090.3928000000005,57.30789999999979,126673,326991872,570486784,243494912,1024,17,17408,17,7,96,true
scaling,RA,10,1,3707.1295,64.35040000000026,140252,385347584,684466176,299118592,1024,23,23552,23,7,96,true
scaling,RA,10,2,3777.6323999999995,67.01289999999972,140252,384950272,684277760,299327488,1024,23,23552,23,7,96,true
scaling,RA,10,3,3830.3833999999997,77.97620000000097,140252,384536576,684056576,299520000,1024,23,23552,23,7,96,true
scaling,MCM,16,1,5833.1633999999995,112.84910000000127,128046,480436224,849481728,369045504,2048,11,22528,11,7,96,true
scaling,MCM,16,2,5240.4562,90.73430000000008,128046,480636928,850001920,369364992,2048,11,22528,11,7,96,true
scaling,MCM,16,3,5577.9526000000005,96.0625,128046,480743424,850370560,369627136,2048,11,22528,11,7,96,true
scaling,IBRR,16,1,9494.0022,125.5679999999993,137079,567021568,1031749632,464728064,2048,17,34816,17,7,96,true
scaling,IBRR,16,2,8233.4883,115.5637999999999,137079,566669312,1033261056,466591744,2048,17,34816,17,7,96,true
scaling,IBRR,16,3,8268.0906,126.48680000000058,137079,566194176,1032810496,466616320,2048,17,34816,17,7,96,true
scaling,RA,16,1,10895.049500000001,132.6346999999987,148162,679542784,1213935616,534392832,2048,23,47104,23,7,96,true
scaling,RA,16,2,11007.2803,139.95440000000235,148162,679518208,1214263296,534745088,2048,23,47104,23,7,96,true
scaling,RA,16,3,11029.946799999998,130.49909999999727,148162,680062976,1216643072,536580096,2048,23,47104,23,7,96,true
scaling,MCM,20,1,6586.4965,105.42779999999948,127728,480636928,849555456,368918528,2048,11,22528,11,7,96,true
scaling,MCM,20,2,6532.498600000001,98.05509999999958,127728,481456128,849694720,368238592,2048,11,22528,11,7,96,true
scaling,MCM,20,3,6677.4646,102.44939999999951,127728,480215040,849272832,369057792,2048,11,22528,11,7,96,true
scaling,IBRR,20,1,8307.9544,132.95910000000003,136311,566292480,1032925184,466632704,2048,17,34816,17,7,96,true
scaling,IBRR,20,2,8400.2536,125.47509999999966,136311,566210560,1033908224,467697664,2048,17,34816,17,7,96,true
scaling,IBRR,20,3,8280.041399999998,139.08489999999983,136311,565870592,1033035776,467165184,2048,17,34816,17,7,96,true
scaling,RA,20,1,10978.4067,82.10150000000067,148606,679583744,1215123456,535539712,2048,23,47104,23,7,96,true
scaling,RA,20,2,6635.6324,79.95480000000134,148606,679157760,1215385600,536227840,2048,23,47104,23,7,96,true
scaling,RA,20,3,6756.7916000000005,85.85040000000117,148606,679677952,1215307776,535629824,2048,23,47104,23,7,96,true
