phase,variant,depth,n,prover_median_ms,prover_mean_ms,verifier_median_ms,proof_bytes,rss_delta_peak_bytes,rss_after_peak_bytes,trace_length,trace_width,trace_cells,constraint_count,max_constraint_degree,security_bits
variants,COMMIT,13,30,50.16,50.50510333333332,18.846599999999967,43474,4751360,75706368,64,6,384,6,6,100
variants,CP,13,30,103.24504999999999,104.57907999999999,27.08955000000003,78655,10489856,88485888,64,11,704,11,6,100
variants,MCM,13,30,2003.2169000000001,2014.8803133333333,46.20405000000028,117609,196141056,461004800,1024,11,11264,11,7,96
variants,IBRR,13,30,2600.44535,2634.2626133333333,60.8448499999995,126223,246112256,572481536,1024,17,17408,17,7,96
variants,RA,13,30,3506.1391,3558.5188600000006,68.61934999999949,139577,302100480,686469120,1024,23,23552,23,7,96
scaling,MCM,4,3,1654.0513999999998,1686.7460333333336,82.7228,109663,90304512,255954944,512,11,5632,11,7,96
scaling,IBRR,4,3,2130.9449999999997,2076.8930333333337,85.16049999999996,117576,132108288,320565248,512,17,8704,17,7,96
scaling,RA,4,3,2799.0567,2821.2024,102.7501000000002,129290,140275712,374341632,512,23,11776,23,7,96
scaling,MCM,8,3,2674.7181,2793.0806,55.38060000000041,118152,195461120,460677120,1024,11,11264,11,7,96
scaling,IBRR,8,3,2699.2567,2700.804066666667,61.61580000000049,126349,244211712,570580992,1024,17,17408,17,7,96
scaling,RA,8,3,3608.5203,3619.005733333333,67.93149999999878,138390,299712512,683921408,1024,23,23552,23,7,96
scaling,MCM,10,3,2180.0203999999994,2153.7898333333333,52.27550000000065,118602,195014656,460910592,1024,11,11264,11,7,96
scaling,IBRR,10,3,3090.3928000000005,3021.155533333333,60.43220000000019,126673,244183040,570552320,1024,17,17408,17,7,96
scaling,RA,10,3,3777.6323999999995,3771.7151,67.01289999999972,140252,299520000,684466176,1024,23,23552,23,7,96
scaling,MCM,16,3,5577.9526000000005,5550.524066666666,96.0625,128046,369627136,850370560,2048,11,22528,11,7,96
scaling,IBRR,16,3,8268.0906,8665.1937,125.5679999999993,137079,466616320,1033261056,2048,17,34816,17,7,96
scaling,RA,16,3,11007.2803,10977.425533333333,132.6346999999987,148162,536580096,1216643072,2048,23,47104,23,7,96
scaling,MCM,20,3,6586.4965,6598.8198999999995,102.44939999999951,127728,369057792,849694720,2048,11,22528,11,7,96
scaling,IBRR,20,3,8307.9544,8329.416466666666,132.95910000000003,136311,467697664,1033908224,2048,17,34816,17,7,96
scaling,RA,20,3,6756.7916000000005,8123.610233333334,82.10150000000067,148606,536227840,1215385600,2048,23,47104,23,7,96
